index,prompt
0,"A stylish woman strolls down a bustling Tokyo street, the warm glow of neon lights and animated city signs casting vibrant reflections. She wears a sleek black leather jacket paired with a flowing red dress and black boots, her black purse slung over her shoulder. Sunglasses perched on her nose and a bold red lipstick add to her confident, casual demeanor. The street is damp and reflective, creating a mirror-like effect that enhances the colorful lights and shadows. Pedestrians move about, adding to the lively atmosphere. The scene is captured in a dynamic medium shot with the woman walking slightly to one side, highlighting her graceful strides."
1,"A stunning mid-afternoon landscape photograph with a low camera angle, showcasing several giant wooly mammoths treading through a snowy meadow. Their long, wooly fur gently billows in the brisk wind as they move, creating a sense of natural movement. Snow-covered trees and dramatic snow-capped mountains loom in the distance, adding to the majestic setting. Wispy clouds and a high sun cast a warm glow over the scene, enhancing the serene and awe-inspiring atmosphere. The depth of field brings out the detailed textures of the mammoths and the snowy environment, capturing every nuance of these prehistoric giants in breathtaking clarity."
2,"A movie trailer in a classic cinematic style, featuring the adventurous journey of a 30-year-old space man wearing a vibrant red wool knitted motorcycle helmet. The scene unfolds against a vast blue sky and a desolate salt desert landscape. Shot on 35mm film, the trailer showcases vivid and rich colors, capturing the hero as he navigates through the harsh terrain with determination. His helmet glints under the sun, adding to the dramatic effect. The background is a mix of sweeping desert vistas and distant horizons, with the occasional shimmer of light reflecting off the salt flats. A dynamic medium shot with a sweeping overhead angle, emphasizing the hero's resilience and the vastness of his adventure."
3,"A drone view of waves crashing against the rugged cliffs along Big Sur’s Garay Point beach. The crashing blue waters create white-tipped waves, while the golden light of the setting sun illuminates the rocky shore, casting long shadows. In the distance, a small island with a lighthouse stands tall, its beam piercing the twilight. Green shrubbery covers the cliff’s edge, and the steep drop from the road down to the beach is a dramatic feat, with the cliff’s edges jutting out over the sea. The camera angle provides a bird's-eye view, capturing the raw beauty of the coast and the rugged landscape of the Pacific Coast Highway. The scene is bathed in a warm, golden hue, highlighting the textures and details of the rocky terrain."
4,"A close-up 3D animated scene of a short, fluffy monster kneeling beside a melting red candle. The monster has large, wide eyes and an open mouth, gazing at the flame with a look of wonder and curiosity. Its soft, fluffy fur contrasts with the warm, dramatic lighting that highlights every detail of its gentle, innocent expression. The pose conveys a sense of playfulness and exploration, as if the creature is discovering the world for the first time. The background features a cozy, warmly lit room with subtle hints of a fireplace and soft furnishings, enhancing the overall atmosphere. The use of warm colors and dramatic lighting creates a captivating and inviting scene."
5,"A beautifully detailed papercraft illustration of a vibrant coral reef teeming with colorful fish and sea creatures. The coral formations are intricately designed, with each polyp and branch meticulously crafted. Schools of tropical fish swim gracefully among the corals, their scales shimmering in hues of turquoise, orange, and purple. Sea turtles glide smoothly over the reef, while a school of clownfish dart playfully around an anemone. The background features a soft, pastel-colored ocean with gentle waves and a hint of sunlight breaking through. The entire scene is rendered with a lifelike and textured papercraft style, capturing the essence of a thriving underwater ecosystem. A close-up view from a slightly elevated angle."
6,"A close-up shot of a Victoria crowned pigeon in a naturalistic wildlife photography style, showcasing its striking blue plumage and red chest. The bird’s crest is adorned with delicate, lacy feathers, and its eye is a striking red color, adding to its regal and majestic appearance. The pigeon’s head is tilted slightly to the side, giving it a regal gaze. The background is blurred, emphasizing the bird’s striking beauty against a soft, muted backdrop. The lighting highlights the bird’s feathers, creating a vibrant and lifelike image."
7,"A photorealistic closeup video of two pirate ships battling each other as they sail inside a steaming cup of coffee. The ships are intricately detailed, with wooden planks, sails flapping in the breeze, and cannons aimed at each other. The crew members, wearing authentic pirate attire, brandish swords and pistols, their expressions fierce and determined. The coffee foam creates a frothy, turbulent sea, with ripples and waves realistically depicted. The background is a blurred, warm brown coffee surface, with steam rising gently. The camera angle is slightly elevated, capturing the intense action from above."
8,"A vibrant anime illustration in a thick painting style featuring a young man in his 20s sitting on a fluffy white cloud in the sky, engrossed in reading a classic leather-bound book. He has short, messy black hair and expressive brown eyes, wearing a casual white t-shirt and blue jeans. His posture is relaxed yet attentive, with one leg crossed over the other. The background is a vivid sky with cotton-like clouds and a soft sunset glow, casting a warm orange hue. The scene has a dreamy and ethereal quality. A medium shot with a slightly downward angle."
9,"A historical footage style photograph depicting a bustling gold rush town in California. The scene captures miners panning for gold in a stream, their faces weathered and determined. Behind them, makeshift wooden shacks and tents line the streets, with smoke rising from chimneys. A man in a dusty hat and tattered clothes stands near a sluice box, his hand on his hip, looking out towards the camera with a mix of hope and hardship. The background features rolling hills and dense forests, with a few oxen-drawn wagons in the distance. The photo has a sepia tone and a grainy texture, capturing the essence of the era. A medium shot with a slightly tilted angle."
10,"A close-up view of a glass sphere containing a tranquil Zen garden. Inside, a small Eastern dwarf with weathered skin and a serene expression is raking the sand, meticulously creating intricate patterns with a bamboo rake. His movements are deliberate and meditative, enhancing the peaceful atmosphere of the scene. The background is blurred, revealing only hints of greenery and rocks, adding to the serene setting. The sphere itself is polished, reflecting the surroundings subtly. The camera angle captures the dwarf from a slightly elevated position, emphasizing his focused and contemplative pose."
11,"A cinematic film shot in 70mm, capturing an extreme close-up of a 24-year-old woman's eye as it blinks. The scene takes place during magic hour in Marrakech, with the vibrant colors of the setting sun casting warm hues over the bustling streets. The depth of field emphasizes the intricate details of her almond-shaped eyes, which reflect the lively atmosphere of the city. Her eyes, framed by long, dark lashes, are set against a backdrop of bustling market stalls, ornate architecture, and the soft shadows of the setting sun. The background features a blend of rich textures and vibrant colors, creating a sense of depth and immersion. A medium shot with a slightly elevated perspective, highlighting the natural movement of her eye."
12,"A vibrant cartoon-style illustration depicting a kangaroo performing a lively disco dance. The kangaroo has a joyful expression, with large, expressive eyes and a mischievous grin. It wears a colorful sequined outfit with sparkles, including a glittery top and matching pants. Its tail is fluffed out and swaying rhythmically. The kangaroo moves with natural fluidity, one foot lifted and the other stepping forward. The background features a blurred dance floor with colorful lights and dancing figures, creating a festive atmosphere. The illustration has a smooth, hand-drawn style with exaggerated proportions. A dynamic close-up shot from a slightly elevated angle."
13,"A beautifully crafted homemade video set in Lagos, Nigeria in the year 2056, captured with a mobile phone camera. The footage showcases diverse people going about their daily lives in a vibrant and bustling urban environment. The camera captures various individuals: a group of young Nigerian women in colorful traditional attire walking down a crowded street, a man in a smart business suit hurrying past a futuristic billboard, and a family gathered around a street vendor selling fresh fruits. The background features modern skyscrapers, traditional market stalls, and electric vehicles zipping by. The video has a warm, nostalgic feel, with occasional blurs and graininess reminiscent of mobile phone recording. A series of handheld shots and close-ups capture the dynamic energy of the city."
14,"A high-resolution digital artwork in a realistic botanical style, showcasing a petri dish where a miniature bamboo forest thrives, complete with tiny red pandas running around. The bamboo stalks are slender and green, with delicate leaves swaying gently. The red pandas, with their distinctive reddish-brown fur and black legs, move playfully among the bamboo, sometimes climbing up the stalks or nibbling on leaves. The petri dish is filled with nutrient-rich soil, and the background is a blurred but recognizable forest landscape, with hints of distant mountains and clear blue skies. The entire scene exudes a sense of harmony and tranquility, capturing the wonder of nature in a microscopic world. A macro shot from a low angle, emphasizing the intricate details of the red pandas and the bamboo."
15,"A rotating camera view inside a large New York museum gallery, showcasing a towering stack of vintage televisions, each displaying different programs from the 1950s and 1970s. The televisions show a mix of 1950s sci-fi movies, horror films, news broadcasts, static, and a 1970s sitcom. The gallery space is filled with the nostalgic glow of the old TV screens, their edges worn and frames aged. The background features other vintage exhibits and artifacts, adding to the historical ambiance. The televisions are arranged in a dynamic, almost chaotic pattern, creating a sense of visual interest and movement. A wide-angle shot capturing the entire stack and the surrounding gallery space."
16,"A 3D animation of a small, round, fluffy creature with big, expressive eyes exploring a vibrant, enchanted forest. The creature, a whimsical blend of a rabbit and a squirrel, has soft blue fur and a bushy, striped tail. It hops along a sparkling stream, its eyes wide with wonder. The forest is alive with magical elements: flowers that glow and change colors, trees with leaves in shades of purple and silver, and small floating lights that resemble fireflies. The creature stops to interact playfully with a group of tiny, fairy-like beings dancing around a mushroom ring. The creature looks up in awe at a large, glowing tree that seems to be the heart of the forest. The scene is rendered in a detailed, fantasy style, with a soft, ethereal lighting that enhances the enchantment. The camera follows the creature as it moves, capturing its playful interactions and the magical ambiance of the forest. A medium shot with a dynamic angle that highlights the creature's expressions and the enchanting environment."
17,"A dynamic shot from behind a white vintage SUV with a black roof rack as it speeds up a steep dirt road surrounded by towering redwood trees on a rugged mountain slope. Dust kicks up from its tires, and the sunlight shines on the SUV, casting a warm glow over the scene. The dirt road curves gently into the distance, with no other vehicles in sight. The trees on either side are dense redwoods, with patches of greenery scattered throughout. The car navigates the curve with ease, making it seem as if it is on a thrilling drive through the rugged terrain. The dirt road is framed by steep hills and mountains, with a clear blue sky above and wispy clouds drifting by. The camera captures the vehicle from the rear, emphasizing its powerful and adventurous journey."
18,"A detailed digital painting in the style of a realistic Japanese manga, capturing reflections in the window of a train traveling through the Tokyo suburbs. The train moves smoothly, passing through lush green fields and dense forests. Outside the window, the scenery blurs into a series of vivid colors—emerald greens, deep browns, and vibrant yellows. Inside the train, a young woman with long black hair and traditional Japanese clothing sits with a contemplative expression, gazing out the window. Her kimono is adorned with intricate patterns, and she wears a simple obi sash tied neatly. The train cabin is dimly lit, with soft shadows playing across the wooden seats. The background features a blurred yet recognizable landscape, with hints of Tokyo skyscrapers and cherry blossoms in the distance. A medium shot from a slightly tilted angle, emphasizing the reflection and the woman's serene expression."
19,"A stunning aerial photograph captured from a drone, circling around a majestic historic church perched atop a rocky outcropping along the Amalfi Coast. The camera captures the intricate architectural details and tiered pathways and patios that adorn the church, with waves crashing against the rocks below. The view extends to the horizon, showcasing the coastal waters and the rolling hills of the Amalfi Coast in Italy. Distant figures can be seen leisurely walking and enjoying the dramatic ocean views from the patios. The warm glow of the afternoon sun bathes the scene in a magical and romantic light, creating a breathtaking and serene atmosphere. The photo has a high-resolution, detailed quality that highlights every texture and color of the landscape. A wide-angle shot from a dynamic aerial perspective."
20,"A wide-angle underwater photograph captures a large orange octopus resting on the ocean floor, its tentacles spread out around its body and eyes closed. The octopus blends seamlessly with the sandy and rocky terrain. Behind a rock, a brown and spiny king crab is crawling towards it, its claws raised and ready to strike. The crab has long legs and antennae, adding to its menacing appearance. The scene is set in a clear, blue ocean with rays of sunlight filtering through, creating a vivid contrast. The photo is sharp and crisp, with a high dynamic range, emphasizing the octopus and the crab in focus while the background is slightly blurred, enhancing the sense of depth."
21,"A vibrant illustration in a whimsical cartoon style depicting a flock of paper airplanes fluttering through a dense jungle. The airplanes, resembling small birds, weave gracefully around towering trees, their wings fluttering gently. The jungle is lush and vibrant, with a variety of exotic plants and colorful flowers. The airplanes seem to migrate through the forest, creating a mesmerizing aerial dance. The background is rich with detailed textures, including sunlight filtering through the canopy, casting dappled shadows on the ground. A dynamic overhead view capturing the mid-flight action of the airplanes."
22,"A charming comic-style illustration depicting a cozy living room scene where a fluffy gray cat is waking up its sleeping owner, who lies on the couch with a sleepy, resigned expression. The cat, with large, round eyes and a mischievous look, is pawing at the owner's face and meowing insistently. The owner attempts to ignore the cat, turning away slightly, but the cat persists, jumping onto the owner's chest and nuzzling their hand. Finally, the owner, unable to resist, reaches under the pillow and pulls out a small bag of treats, offering it to the cat with a playful smile. The background shows soft, warm lighting from a nearby lamp, with scattered books and a blanket on the couch. A medium shot from a slightly elevated angle, capturing both the cat and the owner's interaction."
23,"A nature photography style photo capturing a family of orangutans along the Kinabatangan River in Borneo. The mother orangutan, with long reddish-brown fur and expressive brown eyes, is holding her baby tightly. The baby orangutan, with smaller size and lighter fur, is clinging to its mother’s chest, both gazing curiously at the camera. The father orangutan, larger and more muscular, is standing nearby, looking contemplative. The riverbank is lush with green foliage, and the water reflects the surrounding tropical rainforest. The photo has a vivid and naturalistic style, with the orangutans in focus against a slightly blurred background of dense jungle. A medium shot from a slightly elevated angle, capturing the interaction between the family."
24,"A vibrant and lively Chinese Lunar New Year celebration video featuring a majestic Chinese dragon performing traditional dance moves. The dragon, made of colorful silk and adorned with intricate patterns, has flowing scales and a fierce expression, moving gracefully with fluid movements. It dances amidst a sea of joyful people in festive red and gold attire, accompanied by drummers and musicians playing traditional instruments. The background showcases bustling streets filled with lanterns, paper decorations, and colorful stalls. The video has a dynamic and energetic feel, capturing the essence of the festival. A wide-angle shot with dynamic camera movements following the dragon's path."
25,"A dynamic and lively tour through an art gallery, showcasing a diverse array of beautiful works in various styles. The gallery is filled with paintings, sculptures, and installations, each piece telling its own story. One section features impressionistic landscapes with soft brushstrokes and vibrant colors, capturing serene lakes and rolling hills. Nearby, there are realistic portraits with intricate details and lifelike expressions. In another corner, abstract artworks with bold colors and geometric shapes create a sense of movement and energy. The gallery itself has a modern, open design with high ceilings and large windows allowing natural light to flood in. Visitors move gracefully through the space, pausing occasionally to admire the works. The camera captures the gallery from multiple angles—wide shots of the entire room, close-ups of individual pieces, and sweeping pans to show the flow of visitors. The overall atmosphere is one of inspiration and wonder."
26,"A dynamic and vibrant anime illustration in a flowing watercolor style, capturing the bustling snowy streets of Tokyo. The camera moves smoothly through the city, following several people joyfully enjoying the snow and shopping at nearby stalls. Gorgeous sakura petals dance through the air, swirling with snowflakes. The scene features traditional Japanese architecture, with shops and lanterns illuminated by the soft winter light. People are bundled up in warm coats and scarves, their faces lit with smiles. The background shows blurred, snowy rooftops and distant cherry blossom trees, creating a serene yet lively atmosphere. A medium shot with a sweeping camera motion, highlighting the natural movement of both people and petals."
27,"A stop motion animation in a charming hand-drawn style, depicting a flower slowly growing out of the windowsill of a suburban house. The flower is a vibrant sunflower, with its petals unfurling gracefully. The windowsill is adorned with small potted plants and a few scattered books. The house has a cozy exterior, with a red door and white shutters, and the surrounding area features neatly trimmed bushes and a small garden path. The animation captures the natural growth process, with the sunflower stem bending slightly as it stretches upward. A close-up shot from a low angle, emphasizing the delicate details of the flower's growth."
28,"A cyberpunk-style illustration depicting a lone robot navigating a neon-lit cityscape. The robot stands tall with sleek, metallic armor, adorned with blinking lights and wires. Its eyes, glowing with a deep blue hue, scan the surroundings with curiosity. The background features towering skyscrapers, holographic advertisements, and crowded streets filled with various cyborgs and humans. The air is thick with smoke and the hum of technology. A medium shot from a high-angle perspective, capturing both the robot and the bustling city environment."
29,"A cinematic 35mm film-style extreme close-up of a gray-haired man in his 60s, deeply engrossed in thought about the history of the universe as he sits at a Parisian café. His weathered face, adorned with a full beard, conveys a professorial air. His eyes are fixed on people walking off-screen, lost in contemplation. He is dressed in a woolen suit coat and a button-down shirt, wearing a brown beret and glasses. The background showcases the bustling Parisian streets and cityscape, with golden light illuminating the scene. The depth of field creates a sense of depth, and the lighting is cinematic, highlighting his subtle, closed-mouth smile as if he has just discovered the answer to life's mysteries. A medium shot with a slight overhead angle."
30,"A beautifully animated silhouette scene depicts a lone wolf standing on a rocky hilltop, howling at the full moon, its expression filled with loneliness and longing. As the wolf's howl echoes across the night, it suddenly notices a distant silhouette of another wolf, signaling the beginning of its journey to rejoin its pack. The background is a detailed, moonlit landscape with rolling hills, dense forests, and a clear, starry sky. The animation has a smooth, fluid motion, capturing the natural movements of the wolves. The camera starts with a close-up of the lone wolf, then gradually pans out to show the entire scene, creating a sense of connection and movement."
31,"A surreal and dreamlike scene in the style of a cyberpunk film, depicting New York City submerged underwater, resembling the mythical city of Atlantis. Fish, whales, sea turtles, and sharks swim through the bustling streets, which now resemble underwater landscapes. The buildings are partially submerged, their facades covered in algae and marine growth. The water is murky and filled with sunlight filtering through from above, casting colorful hues. Pedestrians, now merfolk, move gracefully through the water, interacting with the aquatic creatures. The camera angle is from a low, sweeping shot, capturing the vast expanse of this submerged metropolis."
